proname,args,def
get_host_rankings,,"CREATE OR REPLACE FUNCTION public.get_host_rankings()
 RETURNS TABLE(host_code character varying, display_name character varying, logo_url text, parties_hosted bigint, total_rating_count bigint, total_going_count bigint, avg_like_percentage numeric, bayesian_score numeric, final_score numeric, is_eligible boolean)
 LANGUAGE sql
 STABLE
AS $function$
    WITH host_parties AS (
        SELECT unnest(p.host_codes) AS host_code,
               p.id                 AS party_id,
               p.like_percentage,
               p.rating_count,
               p.going_count
        FROM parties p
        WHERE p.status = 'approved'
          AND p.host_codes IS NOT NULL
          AND array_length(p.host_codes, 1) > 0
    ),
    party_ld AS (
        SELECT hp.host_code,
               hp.party_id,
               hp.going_count,
               COALESCE(SUM(pr.rating), 0)::BIGINT                     AS likes,
               COALESCE(COUNT(pr.*) - SUM(pr.rating), 0)::BIGINT       AS dislikes
        FROM host_parties hp
        LEFT JOIN party_ratings pr ON pr.party_id = hp.party_id
        GROUP BY hp.host_code, hp.party_id, hp.going_count
    ),
    host_agg AS (
        SELECT host_code,
               COUNT(*)::BIGINT                         AS parties_hosted,
               COALESCE(SUM(likes), 0)::BIGINT          AS total_likes,
               COALESCE(SUM(dislikes), 0)::BIGINT       AS total_dislikes,
               COALESCE(SUM(going_count), 0)::BIGINT    AS total_going_count
        FROM party_ld
        GROUP BY host_code
    ),
    wilson AS (
        SELECT ha.*,
               CASE
                 WHEN (ha.total_likes + ha.total_dislikes) = 0 THEN 0::NUMERIC
                 ELSE (
                   (ha.total_likes::NUMERIC / (ha.total_likes + ha.total_dislikes))
                   + (1.96 * 1.96) / (2.0 * (ha.total_likes + ha.total_dislikes))
                   - 1.96 * SQRT(
                       (
                         (ha.total_likes::NUMERIC / (ha.total_likes + ha.total_dislikes))
                         * (1 - ha.total_likes::NUMERIC / (ha.total_likes + ha.total_dislikes))
                         + (1.96 * 1.96) / (4.0 * (ha.total_likes + ha.total_dislikes))
                       ) / (ha.total_likes + ha.total_dislikes)
                     )
                 ) / (1 + (1.96 * 1.96) / (ha.total_likes + ha.total_dislikes))
               END AS wilson_lb
        FROM host_agg ha
    ),
    global AS (
        SELECT CASE WHEN SUM(hp.rating_count) = 0 THEN 0
                    ELSE SUM(hp.like_percentage * hp.rating_count)::NUMERIC
                         / SUM(hp.rating_count)::NUMERIC
               END AS global_mean
        FROM host_parties hp
        WHERE hp.rating_count > 0
    ),
    host_rating_agg AS (
        SELECT host_code,
               CASE WHEN SUM(rating_count) = 0 THEN 0
                    ELSE SUM(like_percentage * rating_count)::NUMERIC
                         / SUM(rating_count)::NUMERIC
               END AS raw_avg
        FROM host_parties
        WHERE rating_count > 0
        GROUP BY host_code
    )
    SELECT h.code AS host_code,
           h.display_name,
           h.logo_url,
           w.parties_hosted,
           (w.total_likes + w.total_dislikes) AS total_rating_count,
           w.total_going_count,
           ROUND(COALESCE(hra.raw_avg, 0), 2) AS avg_like_percentage,
           ROUND(
               (COALESCE(hra.raw_avg, 0) * w.parties_hosted + g.global_mean * 3)
               / (w.parties_hosted + 3),
               2
           ) AS bayesian_score,
           ROUND(
               w.wilson_lb + 0.15 * LOG(10, 1 + w.total_going_count),
               4
           ) AS final_score,
           (w.parties_hosted >= 2 AND (w.total_likes + w.total_dislikes) >= 15)
               AS is_eligible
    FROM wilson w
    JOIN hosts h ON h.code = w.host_code
    LEFT JOIN host_rating_agg hra ON hra.host_code = w.host_code
    CROSS JOIN global g
    ORDER BY is_eligible DESC,
             final_score DESC,
             w.total_going_count DESC;
$function$
"
hosts_code_delete_guard,,"CREATE OR REPLACE FUNCTION public.hosts_code_delete_guard()
 RETURNS trigger
 LANGUAGE plpgsql
AS $function$BEGIN                                                                                                      
      IF EXISTS (SELECT 1 FROM parties WHERE OLD.code = ANY (host_codes)) THEN
          RAISE EXCEPTION 'cannot delete hosts.code % — referenced by parties.host_codes', OLD.code          
              USING ERRCODE = 'foreign_key_violation';                                                       
      END IF;                                                                                                
      RETURN OLD;                                                                                            
  END;$function$
"
parties_host_codes_fk_check,,"CREATE OR REPLACE FUNCTION public.parties_host_codes_fk_check()
 RETURNS trigger
 LANGUAGE plpgsql
AS $function$DECLARE                                                                                                    
      missing TEXT[];                                                                                        
  BEGIN                                                                                                      
      IF NEW.host_codes IS NULL OR cardinality(NEW.host_codes) = 0 THEN
          RETURN NEW;                                                                                        
      END IF;                                            
                                                                                                             
      IF (SELECT COUNT(DISTINCT c) FROM unnest(NEW.host_codes) AS c) <> cardinality(NEW.host_codes) THEN     
          RAISE EXCEPTION 'parties.host_codes contains duplicate entries: %', NEW.host_codes
              USING ERRCODE = 'check_violation';                                                             
      END IF;                                            
                                                                                                             
      SELECT COALESCE(array_agg(c), '{}')                
      INTO missing                                                                                           
      FROM unnest(NEW.host_codes) AS c                   
      WHERE c NOT IN (SELECT code FROM hosts);                                                               
   
      IF cardinality(missing) > 0 THEN                                                                       
          RAISE EXCEPTION 'parties.host_codes references unknown hosts.code: %', missing
              USING ERRCODE = 'foreign_key_violation';                                                       
      END IF;                                                                                                
                                                                                                             
      RETURN NEW;                                                                                            
  END;$function$
"